{
	"EnemyApproachSpeed": 0.0,
	"PlayerHitPoint": 4,
	"PopData": {
		"00": {
			"Delay": 0.0,
			"Forward": [
				0.0,
				0.0,
				1.0
			],
			"Translate": [
				-0.0010000000474974513,
				0.0,
				-5.360665321350098
			],
			"Type": 0
		}
	}
}