{
	"EnemyApproachSpeed": 0.5,
	"PlayerHitPoint": 6,
	"PopData": {
		"00": {
			"Delay": 0.0,
			"Forward": [
				-8.742277657347586e-08,
				0.0,
				-1.0
			],
			"Translate": [
				-0.07331644743680954,
				-1.9073486328125e-06,
				4.983560562133789
			],
			"Type": 0
		},
		"01": {
			"Delay": 0.0,
			"Forward": [
				0.0,
				0.0,
				1.0
			],
			"Translate": [
				-8.446146965026855,
				0.0,
				-0.5084877014160156
			],
			"Type": 0
		},
		"02": {
			"Delay": 0.0,
			"Forward": [
				0.0,
				0.0,
				1.0
			],
			"Translate": [
				8.32138729095459,
				0.0,
				-0.2992515563964844
			],
			"Type": 0
		},
		"03": {
			"Delay": 0.0,
			"Forward": [
				0.0,
				0.0,
				1.0
			],
			"Translate": [
				0.07426486909389496,
				0.0,
				-6.249109268188477
			],
			"Type": 0
		},
		"04": {
			"Delay": 0.0,
			"Forward": [
				0.0,
				0.0,
				1.0
			],
			"Translate": [
				-1.5067877769470215,
				0.0,
				18.431989669799805
			],
			"Type": 0
		},
		"05": {
			"Delay": 0.0,
			"Forward": [
				0.0,
				0.0,
				1.0
			],
			"Translate": [
				-0.3461623191833496,
				-3.814697265625e-06,
				18.56195831298828
			],
			"Type": 0
		},
		"06": {
			"Delay": 0.0,
			"Forward": [
				0.0,
				0.0,
				1.0
			],
			"Translate": [
				0.8210110664367676,
				0.0,
				18.340129852294922
			],
			"Type": 0
		}
	}
}