{
	"EnemyApproachSpeed": 0.0,
	"PlayerHitPoint": 4,
	"PopData": {
		"00": {
			"Delay": 0.0,
			"Forward": [
				-8.742277657347586e-08,
				0.0,
				-1.0
			],
			"Translate": [
				-0.014398656785488129,
				0.0,
				3.3996849060058594
			],
			"Type": 0
		}
	}
}