{
	"EnemyApproachSpeed": 0.699999988079071,
	"PlayerHitPoint": 4,
	"PopData": {
		"00": {
			"Delay": 0.0,
			"Forward": [
				-8.742277657347586e-08,
				0.0,
				-1.0
			],
			"Translate": [
				-0.06911071389913559,
				-1.9073486328125e-06,
				3.543069839477539
			],
			"Type": 0
		},
		"01": {
			"Delay": 0.0,
			"Forward": [
				0.0,
				0.0,
				1.0
			],
			"Translate": [
				-6.3267364501953125,
				0.0,
				-0.48267173767089844
			],
			"Type": 0
		},
		"02": {
			"Delay": 0.0,
			"Forward": [
				0.0,
				0.0,
				1.0
			],
			"Translate": [
				6.452454090118408,
				0.0,
				-0.40387535095214844
			],
			"Type": 0
		},
		"03": {
			"Delay": 0.0,
			"Forward": [
				0.0,
				0.0,
				1.0
			],
			"Translate": [
				0.13733340799808502,
				0.0,
				-5.150921821594238
			],
			"Type": 0
		}
	}
}