{
	"PopData": {
		"00": {
			"Delay": 0.0,
			"Forward": [
				0.0,
				0.0,
				1.0
			],
			"Translate": [
				-1.3161849975585938,
				0.0,
				-2.4809646606445313
			]
		},
		"01": {
			"Delay": 0.0,
			"Forward": [
				0.0,
				0.0,
				1.0
			],
			"Translate": [
				11.194032669067383,
				0.0,
				-1.2025928497314453
			]
		},
		"02": {
			"Delay": 0.0,
			"Forward": [
				0.0,
				0.0,
				1.0
			],
			"Translate": [
				3.8922386169433594,
				0.0,
				-1.2279987335205078
			]
		},
		"03": {
			"Delay": 0.0,
			"Forward": [
				0.0,
				0.0,
				1.0
			],
			"Translate": [
				2.286284923553467,
				0.0,
				-1.3788471221923828
			]
		},
		"04": {
			"Delay": 0.0,
			"Forward": [
				0.0,
				0.0,
				1.0
			],
			"Translate": [
				1.5510789155960083,
				0.0,
				-1.5045166015625
			]
		},
		"05": {
			"Delay": 0.0,
			"Forward": [
				0.0,
				0.0,
				1.0
			],
			"Translate": [
				0.42767205834388733,
				0.0,
				-1.7281017303466797
			]
		},
		"06": {
			"Delay": 0.0,
			"Forward": [
				0.0,
				0.0,
				1.0
			],
			"Translate": [
				-0.3334081172943115,
				0.0,
				-1.9002857208251953
			]
		},
		"07": {
			"Delay": 0.0,
			"Forward": [
				0.0,
				0.0,
				1.0
			],
			"Translate": [
				-0.5177766680717468,
				0.0,
				-1.9736003875732422
			]
		},
		"08": {
			"Delay": 0.0,
			"Forward": [
				0.0,
				0.0,
				1.0
			],
			"Translate": [
				-0.5177766680717468,
				0.0,
				-1.9736003875732422
			]
		},
		"09": {
			"Delay": 0.0,
			"Forward": [
				0.0,
				0.0,
				1.0
			],
			"Translate": [
				-0.5177766680717468,
				0.0,
				-1.9736003875732422
			]
		},
		"10": {
			"Delay": 0.0,
			"Forward": [
				0.0,
				0.0,
				1.0
			],
			"Translate": [
				-0.5917448401451111,
				0.0,
				-1.9736003875732422
			]
		},
		"11": {
			"Delay": 0.0,
			"Forward": [
				0.0,
				0.0,
				1.0
			],
			"Translate": [
				-0.5917448401451111,
				0.0,
				-1.9736003875732422
			]
		},
		"12": {
			"Delay": 0.0,
			"Forward": [
				0.0,
				0.0,
				1.0
			],
			"Translate": [
				-0.5917448401451111,
				0.0,
				-1.9736003875732422
			]
		},
		"13": {
			"Delay": 0.0,
			"Forward": [
				0.0,
				0.0,
				1.0
			],
			"Translate": [
				-0.5917448401451111,
				0.0,
				-1.9736003875732422
			]
		},
		"14": {
			"Delay": 0.0,
			"Forward": [
				0.0,
				0.0,
				1.0
			],
			"Translate": [
				-0.5917448401451111,
				0.0,
				-1.9736003875732422
			]
		},
		"15": {
			"Delay": 0.0,
			"Forward": [
				0.0,
				0.0,
				1.0
			],
			"Translate": [
				-0.5917448401451111,
				0.0,
				-1.9736003875732422
			]
		},
		"16": {
			"Delay": 0.0,
			"Forward": [
				0.0,
				0.0,
				1.0
			],
			"Translate": [
				-0.7788174748420715,
				0.0,
				-1.8509941101074219
			]
		},
		"17": {
			"Delay": 0.0,
			"Forward": [
				0.0,
				0.0,
				1.0
			],
			"Translate": [
				-1.1200281381607056,
				0.0,
				-1.5541820526123047
			]
		},
		"18": {
			"Delay": 0.0,
			"Forward": [
				0.0,
				0.0,
				1.0
			],
			"Translate": [
				-1.3672677278518677,
				0.0,
				-1.4040603637695313
			]
		},
		"19": {
			"Delay": 0.0,
			"Forward": [
				0.0,
				0.0,
				1.0
			],
			"Translate": [
				-1.9432549476623535,
				0.0,
				-1.0756721496582031
			]
		},
		"20": {
			"Delay": 0.0,
			"Forward": [
				0.0,
				0.0,
				1.0
			],
			"Translate": [
				-2.5642952919006348,
				0.0,
				-0.7683849334716797
			]
		},
		"21": {
			"Delay": 0.0,
			"Forward": [
				0.0,
				0.0,
				1.0
			],
			"Translate": [
				-3.112014055252075,
				0.0,
				-0.5350437164306641
			]
		},
		"22": {
			"Delay": 0.0,
			"Forward": [
				0.0,
				0.0,
				1.0
			],
			"Translate": [
				-3.3487212657928467,
				0.0,
				-0.43061065673828125
			]
		},
		"23": {
			"Delay": 0.0,
			"Forward": [
				0.0,
				0.0,
				1.0
			],
			"Translate": [
				-3.7080230712890625,
				0.0,
				-0.24638938903808594
			]
		},
		"24": {
			"Delay": 0.0,
			"Forward": [
				0.0,
				0.0,
				1.0
			],
			"Translate": [
				-3.9521596431732178,
				0.0,
				-0.08735084533691406
			]
		},
		"25": {
			"Delay": 0.0,
			"Forward": [
				0.0,
				0.0,
				1.0
			],
			"Translate": [
				-4.016922950744629,
				0.0,
				-0.0076541900634765625
			]
		},
		"26": {
			"Delay": 0.0,
			"Forward": [
				0.0,
				0.0,
				1.0
			],
			"Translate": [
				-4.021583557128906,
				0.0,
				0.04593467712402344
			]
		},
		"27": {
			"Delay": 0.0,
			"Forward": [
				0.0,
				0.0,
				1.0
			],
			"Translate": [
				-4.064882755279541,
				0.0,
				0.09920120239257813
			]
		},
		"28": {
			"Delay": 0.0,
			"Forward": [
				0.0,
				0.0,
				1.0
			],
			"Translate": [
				-4.067287921905518,
				0.0,
				0.12609481811523438
			]
		}
	}
}