{
	"EnemyApproachSpeed": 1.0,
	"PlayerHitPoint": 6,
	"PopData": {
		"00": {
			"Delay": 0.0,
			"Forward": [
				0.0,
				0.0,
				1.0
			],
			"Translate": [
				-2.0106000900268555,
				0.0,
				-6.138226509094238
			]
		},
		"01": {
			"Delay": 0.0,
			"Forward": [
				0.0,
				0.0,
				1.0
			],
			"Translate": [
				1.92587411403656,
				0.0,
				-6.158018112182617
			]
		}
	}
}