{
	"EnemyApproachSpeed": 1.0,
	"PlayerHitPoint": 6,
	"PopData": {
		"00": {
			"Delay": 0.0,
			"Forward": [
				-8.742277657347586e-08,
				0.0,
				-1.0
			],
			"Translate": [
				-1.9342591762542725,
				0.0,
				4.2108869552612305
			],
			"Type": 0
		},
		"01": {
			"Delay": 0.0,
			"Forward": [
				-8.742277657347586e-08,
				0.0,
				-1.0
			],
			"Translate": [
				1.937577486038208,
				0.0,
				4.267882347106934
			],
			"Type": 0
		}
	}
}