{
	"EnemyApproachSpeed": 0.30000001192092896,
	"PlayerHitPoint": 4,
	"PopData": {
		"00": {
			"Delay": 0.0,
			"Forward": [
				-8.742277657347586e-08,
				0.0,
				-1.0
			],
			"Translate": [
				-5.80483341217041,
				1.9073486328125e-06,
				4.17678165435791
			],
			"Type": 0
		},
		"01": {
			"Delay": 0.0,
			"Forward": [
				-8.742277657347586e-08,
				0.0,
				-1.0
			],
			"Translate": [
				-0.28128308057785034,
				-5.7220458984375e-06,
				4.492253303527832
			],
			"Type": 0
		},
		"02": {
			"Delay": 0.0,
			"Forward": [
				0.0,
				0.0,
				1.0
			],
			"Translate": [
				1.321746826171875,
				0.0,
				4.528894424438477
			],
			"Type": 0
		},
		"03": {
			"Delay": 0.0,
			"Forward": [
				0.0,
				0.0,
				1.0
			],
			"Translate": [
				5.165048122406006,
				0.0,
				4.535726547241211
			],
			"Type": 0
		},
		"04": {
			"Delay": 0.0,
			"Forward": [
				0.0,
				0.0,
				1.0
			],
			"Translate": [
				7.2147626876831055,
				-1.9073486328125e-06,
				4.62745475769043
			],
			"Type": 0
		},
		"05": {
			"Delay": 0.0,
			"Forward": [
				0.0,
				0.0,
				1.0
			],
			"Translate": [
				6.196377277374268,
				1.9073486328125e-06,
				4.557714462280273
			],
			"Type": 0
		}
	}
}