{
	"EnemyApproachSpeed": 1.0,
	"PlayerHitPoint": 6,
	"PopData": {
		"00": {
			"Delay": 0.0,
			"Forward": [
				-8.742277657347586e-08,
				0.0,
				-1.0
			],
			"Translate": [
				-1.457695484161377,
				1.9073486328125e-06,
				4.146757125854492
			],
			"Type": 0
		},
		"01": {
			"Delay": 0.0,
			"Forward": [
				-8.742277657347586e-08,
				0.0,
				-1.0
			],
			"Translate": [
				1.4258806705474854,
				0.0,
				4.220478057861328
			],
			"Type": 0
		},
		"02": {
			"Delay": 0.0,
			"Forward": [
				-8.742277657347586e-08,
				0.0,
				-1.0
			],
			"Translate": [
				4.363697528839111,
				0.0,
				4.128554344177246
			],
			"Type": 0
		},
		"03": {
			"Delay": 0.0,
			"Forward": [
				-8.742277657347586e-08,
				0.0,
				-1.0
			],
			"Translate": [
				-4.336811542510986,
				0.0,
				4.116037368774414
			],
			"Type": 0
		}
	}
}