{
	"EnemyApproachSpeed": 1.0,
	"PlayerHitPoint": 4,
	"PopData": {
		"00": {
			"Delay": 0.0,
			"Forward": [
				-8.742277657347586e-08,
				0.0,
				-1.0
			],
			"Translate": [
				-0.36584755778312683,
				1.9073486328125e-06,
				4.433355331420898
			],
			"Type": 0
		},
		"01": {
			"Delay": 0.0,
			"Forward": [
				-8.742277657347586e-08,
				0.0,
				-1.0
			],
			"Translate": [
				0.8381263613700867,
				1.9073486328125e-06,
				4.4125518798828125
			],
			"Type": 0
		},
		"02": {
			"Delay": 0.0,
			"Forward": [
				-8.742277657347586e-08,
				0.0,
				-1.0
			],
			"Translate": [
				8.855928421020508,
				0.0,
				-1.0365781784057617
			],
			"Type": 0
		},
		"03": {
			"Delay": 0.0,
			"Forward": [
				-8.742277657347586e-08,
				0.0,
				-1.0
			],
			"Translate": [
				-8.66499137878418,
				0.0,
				-0.7708930969238281
			],
			"Type": 0
		}
	}
}