{
	"EnemyApproachSpeed": 1.0,
	"PlayerHitPoint": 6,
	"PopData": {
		"00": {
			"Delay": 0.0,
			"Forward": [
				0.0,
				0.0,
				1.0
			],
			"Translate": [
				-1.4606728553771973,
				0.0,
				-5.1090087890625
			],
			"Type": 0
		},
		"01": {
			"Delay": 0.0,
			"Forward": [
				0.0,
				0.0,
				1.0
			],
			"Translate": [
				1.4062193632125854,
				0.0,
				-5.193161964416504
			],
			"Type": 0
		},
		"02": {
			"Delay": 0.0,
			"Forward": [
				0.0,
				0.0,
				1.0
			],
			"Translate": [
				4.28950309753418,
				0.0,
				-5.172110557556152
			],
			"Type": 0
		},
		"03": {
			"Delay": 0.0,
			"Forward": [
				0.0,
				0.0,
				1.0
			],
			"Translate": [
				-4.390149116516113,
				0.0,
				-5.1931610107421875
			],
			"Type": 0
		}
	}
}