{
	"EnemyApproachSpeed": 0.0,
	"PlayerHitPoint": 3,
	"PopData": {
		"00": {
			"Delay": 0.0,
			"Forward": [
				-8.742277657347586e-08,
				0.0,
				-1.0
			],
			"Translate": [
				0.016757041215896606,
				0.0,
				3.946645736694336
			],
			"Type": 0
		},
		"01": {
			"Delay": 0.0,
			"Forward": [
				-8.742277657347586e-08,
				0.0,
				-1.0
			],
			"Translate": [
				-0.7859628200531006,
				0.0,
				5.015230178833008
			],
			"Type": 0
		},
		"02": {
			"Delay": 0.0,
			"Forward": [
				-8.742277657347586e-08,
				0.0,
				-1.0
			],
			"Translate": [
				0.7823280692100525,
				0.0,
				4.951390266418457
			],
			"Type": 0
		}
	}
}