{
	"EnemyApproachSpeed": 0.4000000059604645,
	"PlayerHitPoint": 6,
	"PopData": {
		"00": {
			"Delay": 0.0,
			"Forward": [
				-8.742277657347586e-08,
				0.0,
				-1.0
			],
			"Translate": [
				-2.629446506500244,
				1.9073486328125e-06,
				5.436731338500977
			],
			"Type": 0
		},
		"01": {
			"Delay": 0.0,
			"Forward": [
				-8.742277657347586e-08,
				0.0,
				-1.0
			],
			"Translate": [
				0.02747243642807007,
				1.9073486328125e-06,
				5.546945571899414
			],
			"Type": 0
		},
		"02": {
			"Delay": 0.0,
			"Forward": [
				-8.742277657347586e-08,
				0.0,
				-1.0
			],
			"Translate": [
				2.3272242546081543,
				-3.814697265625e-06,
				5.549708366394043
			],
			"Type": 0
		},
		"03": {
			"Delay": 0.0,
			"Forward": [
				0.0,
				0.0,
				1.0
			],
			"Translate": [
				-4.978574275970459,
				-1.9073486328125e-06,
				5.581073760986328
			],
			"Type": 0
		},
		"04": {
			"Delay": 0.0,
			"Forward": [
				0.0,
				0.0,
				1.0
			],
			"Translate": [
				5.296051979064941,
				-1.9073486328125e-06,
				5.648775100708008
			],
			"Type": 0
		},
		"05": {
			"Delay": 0.0,
			"Forward": [
				0.0,
				0.0,
				1.0
			],
			"Translate": [
				-8.883803367614746,
				0.0,
				5.510570526123047
			],
			"Type": 0
		},
		"06": {
			"Delay": 0.0,
			"Forward": [
				0.0,
				0.0,
				1.0
			],
			"Translate": [
				8.743618965148926,
				0.0,
				5.579885482788086
			],
			"Type": 0
		},
		"07": {
			"Delay": 0.0,
			"Forward": [
				0.0,
				0.0,
				1.0
			],
			"Translate": [
				-8.8549222946167,
				0.0,
				-6.847982406616211
			],
			"Type": 0
		},
		"08": {
			"Delay": 0.0,
			"Forward": [
				0.0,
				0.0,
				1.0
			],
			"Translate": [
				8.882000923156738,
				0.0,
				-6.653223991394043
			],
			"Type": 0
		},
		"09": {
			"Delay": 0.0,
			"Forward": [
				0.0,
				0.0,
				1.0
			],
			"Translate": [
				-0.04940164089202881,
				0.0,
				-6.828469276428223
			],
			"Type": 0
		}
	}
}