{
	"EnemyApproachSpeed": 0.0,
	"PlayerHitPoint": 3,
	"PopData": {
		"00": {
			"Delay": 0.0,
			"Forward": [
				0.0,
				0.0,
				1.0
			],
			"Translate": [
				-0.05205970257520676,
				0.0,
				-4.703815460205078
			],
			"Type": 0
		},
		"01": {
			"Delay": 0.0,
			"Forward": [
				0.0,
				0.0,
				1.0
			],
			"Translate": [
				-0.9448951482772827,
				0.0,
				-5.855264663696289
			],
			"Type": 0
		},
		"02": {
			"Delay": 0.0,
			"Forward": [
				0.0,
				0.0,
				1.0
			],
			"Translate": [
				0.7761815190315247,
				0.0,
				-5.875843048095703
			],
			"Type": 0
		}
	}
}