{
	"EnemyApproachSpeed": 1.5,
	"PlayerHitPoint": 3,
	"PopData": {
		"00": {
			"Delay": 0.0,
			"Forward": [
				0.0,
				0.0,
				1.0
			],
			"Translate": [
				-3.4925215244293213,
				0.0,
				-5.069289207458496
			]
		},
		"01": {
			"Delay": 0.0,
			"Forward": [
				0.0,
				0.0,
				1.0
			],
			"Translate": [
				-2.2823455333709717,
				0.0,
				-5.172112464904785
			]
		},
		"02": {
			"Delay": 0.0,
			"Forward": [
				0.0,
				0.0,
				1.0
			],
			"Translate": [
				-3.6344494819641113,
				0.0,
				-6.337372779846191
			]
		},
		"03": {
			"Delay": 0.0,
			"Forward": [
				0.0,
				0.0,
				1.0
			],
			"Translate": [
				-2.3435747623443604,
				0.0,
				-6.456386566162109
			]
		}
	}
}