{
	"EnemyApproachSpeed": 0.5,
	"PlayerHitPoint": 6,
	"PopData": {
		"00": {
			"Delay": 0.0,
			"Forward": [
				-8.742277657347586e-08,
				0.0,
				-1.0
			],
			"Translate": [
				-0.5656415224075317,
				-7.62939453125e-06,
				12.980820655822754
			],
			"Type": 0
		},
		"01": {
			"Delay": 0.0,
			"Forward": [
				-8.742277657347586e-08,
				0.0,
				-1.0
			],
			"Translate": [
				1.1001030206680298,
				-5.7220458984375e-06,
				12.987318992614746
			],
			"Type": 0
		},
		"02": {
			"Delay": 0.0,
			"Forward": [
				-8.742277657347586e-08,
				0.0,
				-1.0
			],
			"Translate": [
				-0.5796278119087219,
				0.0,
				11.309444427490234
			],
			"Type": 0
		},
		"03": {
			"Delay": 0.0,
			"Forward": [
				-8.742277657347586e-08,
				0.0,
				-1.0
			],
			"Translate": [
				1.133291482925415,
				-5.7220458984375e-06,
				11.228497505187988
			],
			"Type": 0
		},
		"04": {
			"Delay": 0.0,
			"Forward": [
				0.0,
				0.0,
				1.0
			],
			"Translate": [
				-7.7397661209106445,
				0.0,
				3.7082881927490234
			],
			"Type": 1
		},
		"05": {
			"Delay": 0.0,
			"Forward": [
				0.0,
				0.0,
				1.0
			],
			"Translate": [
				7.801468849182129,
				0.0,
				4.242809295654297
			],
			"Type": 1
		}
	}
}