{
	"EnemyApproachSpeed": 1.5,
	"PlayerHitPoint": 3,
	"PopData": {
		"00": {
			"Delay": 0.0,
			"Forward": [
				-8.742277657347586e-08,
				0.0,
				-1.0
			],
			"Translate": [
				2.5886342525482178,
				0.0,
				4.912728309631348
			],
			"Type": 0
		},
		"01": {
			"Delay": 0.0,
			"Forward": [
				-8.742277657347586e-08,
				0.0,
				-1.0
			],
			"Translate": [
				3.8164761066436768,
				-1.9073486328125e-06,
				4.890498161315918
			],
			"Type": 0
		},
		"02": {
			"Delay": 0.0,
			"Forward": [
				-8.742277657347586e-08,
				0.0,
				-1.0
			],
			"Translate": [
				2.602222204208374,
				0.0,
				3.1277618408203125
			],
			"Type": 0
		},
		"03": {
			"Delay": 0.0,
			"Forward": [
				-8.742277657347586e-08,
				0.0,
				-1.0
			],
			"Translate": [
				3.817383050918579,
				-1.9073486328125e-06,
				3.1409082412719727
			],
			"Type": 0
		}
	}
}