{
	"EnemyApproachSpeed": 0.699999988079071,
	"PlayerHitPoint": 6,
	"PopData": {
		"00": {
			"Delay": -90.0,
			"Forward": [
				-0.9999999403953552,
				0.0,
				0.0
			],
			"Translate": [
				18.650461196899414,
				0.0,
				1.9709815979003906
			],
			"Type": 1
		},
		"01": {
			"Delay": 0.0,
			"Forward": [
				-8.742277657347586e-08,
				0.0,
				-1.0
			],
			"Translate": [
				-0.5656415224075317,
				-7.62939453125e-06,
				12.980820655822754
			],
			"Type": 0
		},
		"02": {
			"Delay": 0.0,
			"Forward": [
				-8.742277657347586e-08,
				0.0,
				-1.0
			],
			"Translate": [
				1.1001030206680298,
				-5.7220458984375e-06,
				12.987318992614746
			],
			"Type": 0
		},
		"03": {
			"Delay": 0.0,
			"Forward": [
				-8.742277657347586e-08,
				0.0,
				-1.0
			],
			"Translate": [
				-0.5796278119087219,
				0.0,
				11.309444427490234
			],
			"Type": 0
		},
		"04": {
			"Delay": 0.0,
			"Forward": [
				-8.742277657347586e-08,
				0.0,
				-1.0
			],
			"Translate": [
				1.133291482925415,
				-5.7220458984375e-06,
				11.228497505187988
			],
			"Type": 0
		},
		"05": {
			"Delay": 0.0,
			"Forward": [
				-8.742277657347586e-08,
				0.0,
				-1.0
			],
			"Translate": [
				-7.7397661209106445,
				0.0,
				3.7082881927490234
			],
			"Type": 1
		},
		"06": {
			"Delay": 0.0,
			"Forward": [
				-8.742277657347586e-08,
				0.0,
				-1.0
			],
			"Translate": [
				7.801468849182129,
				0.0,
				4.242809295654297
			],
			"Type": 1
		},
		"07": {
			"Delay": 0.0,
			"Forward": [
				-0.9999999403953552,
				0.0,
				0.0
			],
			"Translate": [
				18.35692024230957,
				0.0,
				-2.699298858642578
			],
			"Type": 1
		},
		"08": {
			"Delay": 0.0,
			"Forward": [
				-0.9999999403953552,
				0.0,
				0.0
			],
			"Translate": [
				20.798070907592773,
				0.0,
				1.8742179870605469
			],
			"Type": 0
		},
		"09": {
			"Delay": 0.0,
			"Forward": [
				-0.9999999403953552,
				0.0,
				0.0
			],
			"Translate": [
				20.478717803955078,
				0.0,
				-2.728374481201172
			],
			"Type": 0
		},
		"10": {
			"Delay": 0.0,
			"Forward": [
				-0.9999999403953552,
				0.0,
				0.0
			],
			"Translate": [
				23.03614044189453,
				0.0,
				1.9973697662353516
			],
			"Type": 0
		},
		"11": {
			"Delay": 0.0,
			"Forward": [
				-0.9999999403953552,
				0.0,
				0.0
			],
			"Translate": [
				22.787601470947266,
				0.0,
				-2.6451892852783203
			],
			"Type": 0
		}
	}
}