{
	"EnemyApproachSpeed": 1.5,
	"PlayerHitPoint": 10,
	"PopData": {
		"00": {
			"Delay": 0.0,
			"Forward": [
				0.8300122618675232,
				0.0,
				-0.5577450394630432
			],
			"Translate": [
				-6.9109086990356445,
				0.0,
				4.053157806396484
			],
			"Type": 0
		},
		"01": {
			"Delay": 0.0,
			"Forward": [
				0.6639261841773987,
				0.0,
				0.7477980256080627
			],
			"Translate": [
				-3.4460501670837402,
				0.0,
				-5.6092634201049805
			],
			"Type": 0
		},
		"02": {
			"Delay": 0.0,
			"Forward": [
				-0.6266037821769714,
				0.0,
				0.7793379426002502
			],
			"Translate": [
				5.473456859588623,
				0.0,
				-7.136496543884277
			],
			"Type": 0
		},
		"03": {
			"Delay": 0.0,
			"Forward": [
				-0.9488760232925415,
				0.0,
				0.3156490623950958
			],
			"Translate": [
				6.611806392669678,
				0.0,
				-1.5291366577148438
			],
			"Type": 0
		},
		"04": {
			"Delay": 0.0,
			"Forward": [
				0.9499720931053162,
				0.0,
				0.31233495473861694
			],
			"Translate": [
				-9.513890266418457,
				0.0,
				-0.8712940216064453
			],
			"Type": 0
		}
	}
}