{
	"EnemyApproachSpeed": 1.5,
	"PlayerHitPoint": 10,
	"PopData": {
		"00": {
			"Delay": 0.0,
			"Forward": [
				0.858959972858429,
				0.0,
				-0.512042760848999
			],
			"Translate": [
				-6.9109086990356445,
				0.0,
				4.053157806396484
			],
			"Type": 0
		},
		"01": {
			"Delay": 0.0,
			"Forward": [
				-0.6494479775428772,
				0.0,
				-0.7604060173034668
			],
			"Translate": [
				4.787588596343994,
				1.9073486328125e-06,
				4.325329780578613
			],
			"Type": 0
		},
		"02": {
			"Delay": 0.0,
			"Forward": [
				-0.6586894989013672,
				0.0,
				0.7524149417877197
			],
			"Translate": [
				5.473456859588623,
				0.0,
				-7.136496543884277
			],
			"Type": 0
		},
		"03": {
			"Delay": 0.0,
			"Forward": [
				0.9552783966064453,
				0.0,
				0.295708030462265
			],
			"Translate": [
				6.611806392669678,
				0.0,
				-1.5291366577148438
			],
			"Type": 0
		},
		"04": {
			"Delay": 0.0,
			"Forward": [
				0.9685832262039185,
				0.0,
				0.2486899495124817
			],
			"Translate": [
				-9.513890266418457,
				0.0,
				-0.8712940216064453
			],
			"Type": 0
		}
	}
}