{
	"EnemyApproachSpeed": 1.0,
	"PlayerHitPoint": 7,
	"PopData": {
		"00": {
			"Delay": 0.0,
			"Forward": [
				0.858959972858429,
				0.0,
				-0.512042760848999
			],
			"Translate": [
				-8.331953048706055,
				0.0,
				4.894632339477539
			],
			"Type": 1
		},
		"01": {
			"Delay": 0.0,
			"Forward": [
				-0.6494479775428772,
				0.0,
				-0.7604060173034668
			],
			"Translate": [
				-5.627627372741699,
				3.814697265625e-06,
				5.004303932189941
			],
			"Type": 1
		},
		"02": {
			"Delay": 0.0,
			"Forward": [
				-0.6586894989013672,
				0.0,
				0.7524149417877197
			],
			"Translate": [
				5.836427688598633,
				0.0,
				-13.888840675354004
			],
			"Type": 0
		},
		"03": {
			"Delay": 0.0,
			"Forward": [
				0.9552783966064453,
				0.0,
				0.295708030462265
			],
			"Translate": [
				0.19575965404510498,
				0.0,
				-6.585577011108398
			],
			"Type": 1
		},
		"04": {
			"Delay": 0.0,
			"Forward": [
				0.9685832262039185,
				0.0,
				0.2486899495124817
			],
			"Translate": [
				8.078092575073242,
				-3.814697265625e-06,
				4.964620590209961
			],
			"Type": 0
		},
		"05": {
			"Delay": 0.0,
			"Forward": [
				0.0,
				0.0,
				1.0
			],
			"Translate": [
				7.087729454040527,
				0.0,
				-13.80827522277832
			],
			"Type": 0
		},
		"06": {
			"Delay": 0.0,
			"Forward": [
				0.0,
				0.0,
				1.0
			],
			"Translate": [
				-8.968411445617676,
				0.0,
				-14.128297805786133
			],
			"Type": 1
		}
	}
}