{
	"PopData": {
		"00": {
			"Delay": 0.0,
			"Forward": [
				0.8598522543907166,
				0.0,
				0.5105429887771606
			],
			"Translate": [
				-3.8802852630615234,
				0.0,
				-1.5555305480957031
			]
		},
		"01": {
			"Delay": 0.0,
			"Forward": [
				-0.882947564125061,
				0.0,
				0.4694715738296509
			],
			"Translate": [
				3.9203014373779297,
				0.0,
				-1.605844497680664
			]
		},
		"02": {
			"Delay": 0.0,
			"Forward": [
				0.0,
				0.0,
				1.0
			],
			"Translate": [
				3.438222646713257,
				0.0,
				-4.874203681945801
			]
		},
		"03": {
			"Delay": 0.0,
			"Forward": [
				0.0,
				0.0,
				1.0
			],
			"Translate": [
				4.61890172958374,
				0.0,
				-4.833667755126953
			]
		},
		"04": {
			"Delay": 0.0,
			"Forward": [
				0.0,
				0.0,
				1.0
			],
			"Translate": [
				3.4593706130981445,
				0.0,
				-6.038349151611328
			]
		},
		"05": {
			"Delay": 0.0,
			"Forward": [
				0.0,
				0.0,
				1.0
			],
			"Translate": [
				4.6071457862854,
				0.0,
				-5.997774124145508
			]
		},
		"06": {
			"Delay": 0.0,
			"Forward": [
				0.0,
				0.0,
				1.0
			],
			"Translate": [
				-3.3681395053863525,
				0.0,
				-5.1090087890625
			]
		},
		"07": {
			"Delay": 0.0,
			"Forward": [
				0.0,
				0.0,
				1.0
			],
			"Translate": [
				-4.447244167327881,
				0.0,
				-4.981814384460449
			]
		},
		"08": {
			"Delay": 0.0,
			"Forward": [
				0.0,
				0.0,
				1.0
			],
			"Translate": [
				-3.4532346725463867,
				0.0,
				-6.118015289306641
			]
		},
		"09": {
			"Delay": 0.0,
			"Forward": [
				0.0,
				0.0,
				1.0
			],
			"Translate": [
				-4.587867736816406,
				0.0,
				-6.017313003540039
			]
		}
	}
}