{
	"EnemyApproachSpeed": 1.0,
	"PlayerHitPoint": 8,
	"PopData": {
		"00": {
			"Delay": 0.0,
			"Forward": [
				0.8598522543907166,
				0.0,
				0.5105429887771606
			],
			"Translate": [
				-18.082218170166016,
				0.0,
				-1.4072837829589844
			],
			"Type": 1
		},
		"01": {
			"Delay": 0.0,
			"Forward": [
				-0.882947564125061,
				0.0,
				0.4694715738296509
			],
			"Translate": [
				19.353105545043945,
				0.0,
				-0.7961711883544922
			],
			"Type": 1
		},
		"02": {
			"Delay": 0.0,
			"Forward": [
				0.0,
				0.0,
				1.0
			],
			"Translate": [
				-8.976142883300781,
				-1.9073486328125e-06,
				5.385836601257324
			],
			"Type": 0
		},
		"03": {
			"Delay": 0.0,
			"Forward": [
				0.0,
				0.0,
				1.0
			],
			"Translate": [
				-7.483649253845215,
				1.9073486328125e-06,
				5.3359832763671875
			],
			"Type": 0
		},
		"04": {
			"Delay": 0.0,
			"Forward": [
				0.0,
				0.0,
				1.0
			],
			"Translate": [
				-8.911026000976563,
				-1.9073486328125e-06,
				3.47625732421875
			],
			"Type": 0
		},
		"05": {
			"Delay": 0.0,
			"Forward": [
				0.0,
				0.0,
				1.0
			],
			"Translate": [
				-7.400683403015137,
				3.814697265625e-06,
				3.427351951599121
			],
			"Type": 0
		},
		"06": {
			"Delay": 0.0,
			"Forward": [
				0.0,
				0.0,
				1.0
			],
			"Translate": [
				-7.386078834533691,
				0.0,
				-4.916745185852051
			],
			"Type": 0
		},
		"07": {
			"Delay": 0.0,
			"Forward": [
				0.0,
				0.0,
				1.0
			],
			"Translate": [
				-8.780744552612305,
				0.0,
				-4.853449821472168
			],
			"Type": 0
		},
		"08": {
			"Delay": 0.0,
			"Forward": [
				0.0,
				0.0,
				1.0
			],
			"Translate": [
				-7.2508087158203125,
				0.0,
				-6.515188217163086
			],
			"Type": 0
		},
		"09": {
			"Delay": 0.0,
			"Forward": [
				0.0,
				0.0,
				1.0
			],
			"Translate": [
				-8.721938133239746,
				0.0,
				-6.500669479370117
			],
			"Type": 0
		},
		"10": {
			"Delay": 0.0,
			"Forward": [
				0.0,
				0.0,
				1.0
			],
			"Translate": [
				0.9633896350860596,
				0.0,
				21.330047607421875
			],
			"Type": 1
		},
		"11": {
			"Delay": 0.0,
			"Forward": [
				0.0,
				0.0,
				1.0
			],
			"Translate": [
				0.9056180715560913,
				0.0,
				-19.861358642578125
			],
			"Type": 1
		}
	}
}