{
	"PopData": {
		"00": {
			"Delay": 0.0,
			"Forward": [
				0.9142539501190186,
				0.0,
				-0.40514159202575684
			],
			"Translate": [
				-8.328184127807617,
				0.0,
				4.498193740844727
			]
		},
		"01": {
			"Delay": 0.0,
			"Forward": [
				0.07497872412204742,
				0.0,
				0.9971850514411926
			],
			"Translate": [
				-0.13141480088233948,
				0.0,
				-6.925302505493164
			]
		},
		"02": {
			"Delay": 0.0,
			"Forward": [
				-0.6441236138343811,
				0.0,
				0.7649214863777161
			],
			"Translate": [
				5.460195541381836,
				0.0,
				-5.526695251464844
			]
		},
		"03": {
			"Delay": 0.0,
			"Forward": [
				-0.7793378829956055,
				0.0,
				-0.6266038417816162
			],
			"Translate": [
				5.343013763427734,
				0.0,
				3.9268016815185547
			]
		},
		"04": {
			"Delay": 0.0,
			"Forward": [
				0.7890840768814087,
				0.0,
				0.6142852306365967
			],
			"Translate": [
				-7.85067892074585,
				0.0,
				-4.574102401733398
			]
		}
	}
}