{
	"EnemyApproachSpeed": 1.0,
	"PlayerHitPoint": 8,
	"PopData": {
		"00": {
			"Delay": 0.0,
			"Forward": [
				-8.742277657347586e-08,
				0.0,
				-1.0
			],
			"Translate": [
				-8.328184127807617,
				0.0,
				4.498193740844727
			],
			"Type": 1
		},
		"01": {
			"Delay": 0.0,
			"Forward": [
				0.0,
				0.0,
				1.0
			],
			"Translate": [
				-8.288280487060547,
				-1.9073486328125e-06,
				-5.947369575500488
			],
			"Type": 1
		},
		"02": {
			"Delay": 0.0,
			"Forward": [
				0.0,
				0.0,
				1.0
			],
			"Translate": [
				8.058801651000977,
				0.0,
				-5.866962432861328
			],
			"Type": 1
		},
		"03": {
			"Delay": 0.0,
			"Forward": [
				-8.742277657347586e-08,
				0.0,
				-1.0
			],
			"Translate": [
				8.168993949890137,
				0.0,
				4.860921859741211
			],
			"Type": 1
		},
		"04": {
			"Delay": 0.0,
			"Forward": [
				0.7890840768814087,
				0.0,
				0.6142852306365967
			],
			"Translate": [
				-11.241002082824707,
				0.0,
				23.617570877075195
			],
			"Type": 0
		},
		"05": {
			"Delay": 0.0,
			"Forward": [
				0.0,
				0.0,
				1.0
			],
			"Translate": [
				-7.951974391937256,
				0.0,
				21.174564361572266
			],
			"Type": 0
		},
		"06": {
			"Delay": 0.0,
			"Forward": [
				0.0,
				0.0,
				1.0
			],
			"Translate": [
				-4.435756206512451,
				0.0,
				19.23159408569336
			],
			"Type": 0
		},
		"07": {
			"Delay": 0.0,
			"Forward": [
				0.0,
				0.0,
				1.0
			],
			"Translate": [
				-0.05496811866760254,
				0.0,
				17.610107421875
			],
			"Type": 0
		},
		"08": {
			"Delay": 0.0,
			"Forward": [
				0.0,
				0.0,
				1.0
			],
			"Translate": [
				4.151472091674805,
				0.0,
				19.33133316040039
			],
			"Type": 0
		},
		"09": {
			"Delay": 0.0,
			"Forward": [
				0.0,
				0.0,
				1.0
			],
			"Translate": [
				7.2912139892578125,
				0.0,
				21.318782806396484
			],
			"Type": 0
		},
		"10": {
			"Delay": 0.0,
			"Forward": [
				0.0,
				0.0,
				1.0
			],
			"Translate": [
				10.529937744140625,
				0.0,
				23.646686553955078
			],
			"Type": 0
		},
		"11": {
			"Delay": 0.0,
			"Forward": [
				0.0,
				0.0,
				1.0
			],
			"Translate": [
				-12.329499244689941,
				0.0,
				37.58639907836914
			],
			"Type": 0
		},
		"12": {
			"Delay": 0.0,
			"Forward": [
				0.0,
				0.0,
				1.0
			],
			"Translate": [
				-9.883461952209473,
				0.0,
				35.768531799316406
			],
			"Type": 0
		},
		"13": {
			"Delay": 0.0,
			"Forward": [
				0.0,
				0.0,
				1.0
			],
			"Translate": [
				-7.430833339691162,
				0.0,
				34.090187072753906
			],
			"Type": 0
		},
		"14": {
			"Delay": 0.0,
			"Forward": [
				0.0,
				0.0,
				1.0
			],
			"Translate": [
				-4.961856842041016,
				0.0,
				32.44655990600586
			],
			"Type": 0
		},
		"15": {
			"Delay": 0.0,
			"Forward": [
				0.0,
				0.0,
				1.0
			],
			"Translate": [
				-1.0070865154266357,
				0.0,
				30.54540252685547
			],
			"Type": 0
		},
		"16": {
			"Delay": 0.0,
			"Forward": [
				0.0,
				0.0,
				1.0
			],
			"Translate": [
				2.678201198577881,
				0.0,
				32.10932159423828
			],
			"Type": 0
		},
		"17": {
			"Delay": 0.0,
			"Forward": [
				0.0,
				0.0,
				1.0
			],
			"Translate": [
				5.019105911254883,
				0.0,
				33.79090881347656
			],
			"Type": 0
		},
		"18": {
			"Delay": 0.0,
			"Forward": [
				0.0,
				0.0,
				1.0
			],
			"Translate": [
				7.546678066253662,
				0.0,
				35.61673355102539
			],
			"Type": 0
		},
		"19": {
			"Delay": 0.0,
			"Forward": [
				0.0,
				0.0,
				1.0
			],
			"Translate": [
				10.131990432739258,
				0.0,
				37.260536193847656
			],
			"Type": 0
		}
	}
}