{
	"EnemyApproachSpeed": 0.699999988079071,
	"PlayerHitPoint": 10,
	"PopData": {
		"00": {
			"Delay": 0.0,
			"Forward": [
				0.9999999403953552,
				0.0,
				0.0
			],
			"Translate": [
				-11.296282768249512,
				3.814697265625e-06,
				6.439574241638184
			],
			"Type": 0
		},
		"01": {
			"Delay": 0.0,
			"Forward": [
				0.9999999403953552,
				0.0,
				0.0
			],
			"Translate": [
				-9.042276382446289,
				0.0,
				6.320127487182617
			],
			"Type": 0
		},
		"02": {
			"Delay": 0.0,
			"Forward": [
				0.9999999403953552,
				0.0,
				0.0
			],
			"Translate": [
				-7.102689266204834,
				0.0,
				6.263396263122559
			],
			"Type": 1
		},
		"03": {
			"Delay": 0.0,
			"Forward": [
				0.9999999403953552,
				0.0,
				0.0
			],
			"Translate": [
				-11.181780815124512,
				3.814697265625e-06,
				2.5142250061035156
			],
			"Type": 0
		},
		"04": {
			"Delay": 0.0,
			"Forward": [
				0.9999999403953552,
				0.0,
				0.0
			],
			"Translate": [
				-9.137937545776367,
				0.0,
				2.3474807739257813
			],
			"Type": 0
		},
		"05": {
			"Delay": 0.0,
			"Forward": [
				0.9999999403953552,
				0.0,
				0.0
			],
			"Translate": [
				-6.883718013763428,
				0.0,
				2.1747169494628906
			],
			"Type": 1
		},
		"06": {
			"Delay": 0.0,
			"Forward": [
				0.9999999403953552,
				0.0,
				0.0
			],
			"Translate": [
				-11.048242568969727,
				3.814697265625e-06,
				-2.4517126083374023
			],
			"Type": 0
		},
		"07": {
			"Delay": 0.0,
			"Forward": [
				0.9999999403953552,
				0.0,
				0.0
			],
			"Translate": [
				-8.92290210723877,
				0.0,
				-2.5148143768310547
			],
			"Type": 0
		},
		"08": {
			"Delay": 0.0,
			"Forward": [
				0.9999999403953552,
				0.0,
				0.0
			],
			"Translate": [
				-6.744645118713379,
				0.0,
				-2.255730152130127
			],
			"Type": 1
		},
		"09": {
			"Delay": 0.0,
			"Forward": [
				0.9999999403953552,
				0.0,
				0.0
			],
			"Translate": [
				-11.055115699768066,
				0.0,
				-6.905145645141602
			],
			"Type": 0
		},
		"10": {
			"Delay": 0.0,
			"Forward": [
				0.9999999403953552,
				0.0,
				0.0
			],
			"Translate": [
				-8.941052436828613,
				0.0,
				-6.97983455657959
			],
			"Type": 0
		},
		"11": {
			"Delay": 0.0,
			"Forward": [
				0.9999999403953552,
				0.0,
				0.0
			],
			"Translate": [
				-6.85167121887207,
				0.0,
				-6.836725234985352
			],
			"Type": 1
		},
		"12": {
			"Delay": 0.0,
			"Forward": [
				0.0,
				0.0,
				1.0
			],
			"Translate": [
				21.798124313354492,
				0.0,
				6.420013427734375
			],
			"Type": 1
		},
		"13": {
			"Delay": 0.0,
			"Forward": [
				0.0,
				0.0,
				1.0
			],
			"Translate": [
				21.923933029174805,
				0.0,
				2.5230562686920166
			],
			"Type": 1
		},
		"14": {
			"Delay": 0.0,
			"Forward": [
				0.0,
				0.0,
				1.0
			],
			"Translate": [
				22.03807830810547,
				0.0,
				-2.082458019256592
			],
			"Type": 1
		},
		"15": {
			"Delay": 0.0,
			"Forward": [
				0.0,
				0.0,
				1.0
			],
			"Translate": [
				22.207420349121094,
				0.0,
				-6.013600826263428
			],
			"Type": 1
		},
		"16": {
			"Delay": 0.0,
			"Forward": [
				0.0,
				0.0,
				1.0
			],
			"Translate": [
				24.895763397216797,
				0.0,
				6.439014434814453
			],
			"Type": 0
		},
		"17": {
			"Delay": 0.0,
			"Forward": [
				0.0,
				0.0,
				1.0
			],
			"Translate": [
				25.067834854125977,
				0.0,
				2.5051345825195313
			],
			"Type": 0
		},
		"18": {
			"Delay": 0.0,
			"Forward": [
				0.0,
				0.0,
				1.0
			],
			"Translate": [
				25.131610870361328,
				0.0,
				-2.0035953521728516
			],
			"Type": 0
		},
		"19": {
			"Delay": 0.0,
			"Forward": [
				0.0,
				0.0,
				1.0
			],
			"Translate": [
				25.162267684936523,
				0.0,
				-5.855015277862549
			],
			"Type": 0
		},
		"20": {
			"Delay": 0.0,
			"Forward": [
				0.0,
				0.0,
				1.0
			],
			"Translate": [
				28.0441951751709,
				0.0,
				6.380481243133545
			],
			"Type": 0
		},
		"21": {
			"Delay": 0.0,
			"Forward": [
				0.0,
				0.0,
				1.0
			],
			"Translate": [
				28.1885929107666,
				0.0,
				2.538590908050537
			],
			"Type": 0
		},
		"22": {
			"Delay": 0.0,
			"Forward": [
				0.0,
				0.0,
				1.0
			],
			"Translate": [
				28.257688522338867,
				0.0,
				-2.0178215503692627
			],
			"Type": 0
		},
		"23": {
			"Delay": 0.0,
			"Forward": [
				0.0,
				0.0,
				1.0
			],
			"Translate": [
				28.45973777770996,
				0.0,
				-5.6911702156066895
			],
			"Type": 0
		},
		"24": {
			"Delay": 0.0,
			"Forward": [
				0.0,
				0.0,
				1.0
			],
			"Translate": [
				-33.88542556762695,
				0.0,
				6.167026042938232
			],
			"Type": 1
		},
		"25": {
			"Delay": 0.0,
			"Forward": [
				0.0,
				0.0,
				1.0
			],
			"Translate": [
				-33.93179702758789,
				0.0,
				2.1789047718048096
			],
			"Type": 1
		},
		"26": {
			"Delay": 0.0,
			"Forward": [
				0.0,
				0.0,
				1.0
			],
			"Translate": [
				-34.16413116455078,
				0.0,
				-2.2385051250457764
			],
			"Type": 1
		},
		"27": {
			"Delay": 0.0,
			"Forward": [
				0.0,
				0.0,
				1.0
			],
			"Translate": [
				-34.239662170410156,
				0.0,
				-6.542727470397949
			],
			"Type": 1
		},
		"28": {
			"Delay": 0.0,
			"Forward": [
				0.0,
				0.0,
				1.0
			],
			"Translate": [
				-37.190189361572266,
				0.0,
				6.278314590454102
			],
			"Type": 0
		},
		"29": {
			"Delay": 0.0,
			"Forward": [
				0.0,
				0.0,
				1.0
			],
			"Translate": [
				-37.234622955322266,
				0.0,
				2.2272415161132813
			],
			"Type": 0
		},
		"30": {
			"Delay": 0.0,
			"Forward": [
				0.0,
				0.0,
				1.0
			],
			"Translate": [
				-37.30636978149414,
				0.0,
				-2.2557590007781982
			],
			"Type": 0
		},
		"31": {
			"Delay": 0.0,
			"Forward": [
				0.0,
				0.0,
				1.0
			],
			"Translate": [
				-37.51606369018555,
				0.0,
				-6.420970916748047
			],
			"Type": 0
		},
		"32": {
			"Delay": 0.0,
			"Forward": [
				0.0,
				0.0,
				1.0
			],
			"Translate": [
				-40.43520736694336,
				0.0,
				6.272200584411621
			],
			"Type": 0
		},
		"33": {
			"Delay": 0.0,
			"Forward": [
				0.0,
				0.0,
				1.0
			],
			"Translate": [
				-40.73727798461914,
				0.0,
				2.39276123046875
			],
			"Type": 0
		},
		"34": {
			"Delay": 0.0,
			"Forward": [
				0.0,
				0.0,
				1.0
			],
			"Translate": [
				-40.720149993896484,
				0.0,
				-2.1866631507873535
			],
			"Type": 0
		},
		"35": {
			"Delay": 0.0,
			"Forward": [
				0.0,
				0.0,
				1.0
			],
			"Translate": [
				-40.78309631347656,
				0.0,
				-6.414205551147461
			],
			"Type": 0
		}
	}
}