{
	"EnemyApproachSpeed": 1.0,
	"PlayerHitPoint": 8,
	"PopData": {
		"00": {
			"Delay": 0.0,
			"Forward": [
				-8.742277657347586e-08,
				0.0,
				-1.0
			],
			"Translate": [
				-8.751855850219727,
				0.0,
				5.1155548095703125
			],
			"Type": 1
		},
		"01": {
			"Delay": 0.0,
			"Forward": [
				-8.742277657347586e-08,
				0.0,
				-1.0
			],
			"Translate": [
				-3.3062734603881836,
				0.0,
				5.117103576660156
			],
			"Type": 1
		},
		"02": {
			"Delay": 0.0,
			"Forward": [
				-8.742277657347586e-08,
				0.0,
				-1.0
			],
			"Translate": [
				3.0542380809783936,
				0.0,
				4.879932403564453
			],
			"Type": 1
		},
		"03": {
			"Delay": 0.0,
			"Forward": [
				-8.742277657347586e-08,
				0.0,
				-1.0
			],
			"Translate": [
				8.593738555908203,
				0.0,
				5.045402526855469
			],
			"Type": 1
		},
		"04": {
			"Delay": 0.0,
			"Forward": [
				-8.742277657347586e-08,
				0.0,
				-1.0
			],
			"Translate": [
				-5.931647300720215,
				3.814697265625e-06,
				7.0981903076171875
			],
			"Type": 0
		},
		"05": {
			"Delay": 0.0,
			"Forward": [
				-8.742277657347586e-08,
				0.0,
				-1.0
			],
			"Translate": [
				0.295343279838562,
				0.0,
				6.927150726318359
			],
			"Type": 0
		},
		"06": {
			"Delay": 0.0,
			"Forward": [
				-8.742277657347586e-08,
				0.0,
				-1.0
			],
			"Translate": [
				6.157352447509766,
				0.0,
				7.047176361083984
			],
			"Type": 0
		},
		"07": {
			"Delay": 0.0,
			"Forward": [
				0.0,
				0.0,
				1.0
			],
			"Translate": [
				-11.606667518615723,
				0.0,
				11.924358367919922
			],
			"Type": 1
		},
		"08": {
			"Delay": 0.0,
			"Forward": [
				0.0,
				0.0,
				1.0
			],
			"Translate": [
				-3.698127031326294,
				0.0,
				12.695972442626953
			],
			"Type": 1
		},
		"09": {
			"Delay": 0.0,
			"Forward": [
				0.0,
				0.0,
				1.0
			],
			"Translate": [
				3.654452323913574,
				0.0,
				12.819252014160156
			],
			"Type": 1
		},
		"10": {
			"Delay": 0.0,
			"Forward": [
				0.0,
				0.0,
				1.0
			],
			"Translate": [
				12.474720001220703,
				0.0,
				12.337207794189453
			],
			"Type": 1
		},
		"11": {
			"Delay": 0.0,
			"Forward": [
				0.0,
				0.0,
				1.0
			],
			"Translate": [
				14.70160961151123,
				-3.814697265625e-06,
				-19.18467903137207
			],
			"Type": 1
		},
		"12": {
			"Delay": 0.0,
			"Forward": [
				0.0,
				0.0,
				1.0
			],
			"Translate": [
				-14.555673599243164,
				0.0,
				-18.997264862060547
			],
			"Type": 1
		},
		"13": {
			"Delay": 0.0,
			"Forward": [
				0.0,
				0.0,
				1.0
			],
			"Translate": [
				10.596635818481445,
				0.0,
				-22.272991180419922
			],
			"Type": 0
		},
		"14": {
			"Delay": 0.0,
			"Forward": [
				0.0,
				0.0,
				1.0
			],
			"Translate": [
				17.504718780517578,
				0.0,
				-22.71881103515625
			],
			"Type": 0
		},
		"15": {
			"Delay": 0.0,
			"Forward": [
				0.0,
				0.0,
				1.0
			],
			"Translate": [
				13.931330680847168,
				0.0,
				-25.206890106201172
			],
			"Type": 0
		},
		"16": {
			"Delay": 0.0,
			"Forward": [
				0.0,
				0.0,
				1.0
			],
			"Translate": [
				-18.257299423217773,
				3.814697265625e-06,
				-22.288780212402344
			],
			"Type": 0
		},
		"17": {
			"Delay": 0.0,
			"Forward": [
				0.0,
				0.0,
				1.0
			],
			"Translate": [
				-10.674233436584473,
				0.0,
				-22.081167221069336
			],
			"Type": 0
		},
		"18": {
			"Delay": 0.0,
			"Forward": [
				0.0,
				0.0,
				1.0
			],
			"Translate": [
				-14.320005416870117,
				0.0,
				-25.0591983795166
			],
			"Type": 0
		},
		"19": {
			"Delay": 0.0,
			"Forward": [
				0.0,
				0.0,
				1.0
			],
			"Translate": [
				-49.19049835205078,
				0.0,
				-1.292776107788086
			],
			"Type": 1
		},
		"20": {
			"Delay": 0.0,
			"Forward": [
				0.0,
				0.0,
				1.0
			],
			"Translate": [
				-55.69001007080078,
				0.0,
				5.085482597351074
			],
			"Type": 0
		},
		"21": {
			"Delay": 0.0,
			"Forward": [
				0.0,
				0.0,
				1.0
			],
			"Translate": [
				-55.72854232788086,
				0.0,
				-7.08104944229126
			],
			"Type": 0
		},
		"22": {
			"Delay": 0.0,
			"Forward": [
				0.0,
				0.0,
				1.0
			],
			"Translate": [
				-55.3723258972168,
				0.0,
				17.11434555053711
			],
			"Type": 0
		},
		"23": {
			"Delay": 0.0,
			"Forward": [
				0.0,
				0.0,
				1.0
			],
			"Translate": [
				-55.8741569519043,
				0.0,
				-19.921836853027344
			],
			"Type": 0
		},
		"24": {
			"Delay": 0.0,
			"Forward": [
				0.0,
				0.0,
				1.0
			],
			"Translate": [
				-49.24485397338867,
				0.0,
				11.663429260253906
			],
			"Type": 1
		},
		"25": {
			"Delay": 0.0,
			"Forward": [
				0.0,
				0.0,
				1.0
			],
			"Translate": [
				-48.93387222290039,
				0.0,
				-14.358872413635254
			],
			"Type": 1
		},
		"26": {
			"Delay": 0.0,
			"Forward": [
				0.0,
				0.0,
				1.0
			],
			"Translate": [
				43.8366813659668,
				0.0,
				-13.049108505249023
			],
			"Type": 1
		},
		"27": {
			"Delay": 0.0,
			"Forward": [
				0.0,
				0.0,
				1.0
			],
			"Translate": [
				44.55793380737305,
				0.0,
				1.1724395751953125
			],
			"Type": 1
		},
		"28": {
			"Delay": 0.0,
			"Forward": [
				0.0,
				0.0,
				1.0
			],
			"Translate": [
				44.61896896362305,
				0.0,
				14.820842742919922
			],
			"Type": 1
		},
		"29": {
			"Delay": 0.0,
			"Forward": [
				0.0,
				0.0,
				1.0
			],
			"Translate": [
				52.07312774658203,
				0.0,
				20.60289764404297
			],
			"Type": 0
		},
		"30": {
			"Delay": 0.0,
			"Forward": [
				0.0,
				0.0,
				1.0
			],
			"Translate": [
				51.64756774902344,
				0.0,
				7.600818634033203
			],
			"Type": 0
		},
		"31": {
			"Delay": 0.0,
			"Forward": [
				0.0,
				0.0,
				1.0
			],
			"Translate": [
				51.82718276977539,
				0.0,
				-6.161005020141602
			],
			"Type": 0
		},
		"32": {
			"Delay": 0.0,
			"Forward": [
				0.0,
				0.0,
				1.0
			],
			"Translate": [
				52.03708267211914,
				0.0,
				-19.815019607543945
			],
			"Type": 0
		}
	}
}