{
    "BeatParticle": {
        "CoefficientOfRestitution": -0.800000011920929,
        "ColliderRadius": 0.23999999463558197,
        "EmitOffset": [
            0.0,
            2.0,
            0.0
        ],
        "EmitsNum": 4,
        "EmitterDuration": 0.10000000149011612,
        "InitialMaxAngle": 45.0,
        "InitialMaxSpeed": 4.0,
        "LifeTime": 1.0,
        "MinSpeed": 4.5
    }
}
