{
    "Player": {
        "BeatIntervalBase": 1.0,
        "BeatIntervalMin": 0.10000000149011612,
        "ColliderRadius": 1.0,
        "InvincibleTime": 2.0,
        "MaxNockbackStrength": 10.0,
        "NockbackTime": 0.30000001192092896,
        "NumBullets": 10,
        "Speed": 3.5,
        "ThrowTime": 0.30000001192092896,
        "TurnAroundSpeed": 0.20000000298023224
    }
}
