{
    "ReviveEmitter": {
        "EmitTime": 0.10000000149011612,
        "EmitsNum": 1,
        "EmitsRadius": 0.6000000238418579,
        "EmitterDuration": 3.0
    }
}
