{
    "ReviveEmitter": {
        "EmitTime": 0.07999999821186066,
        "EmitsNum": 1,
        "EmitsRadius": 0.6000000238418579,
        "EmitterDuration": 0.4099999964237213
    }
}
